{"cameraMode":{"drawMode":0,"name":"Shaded","section":"Shading Mode"},"sceneLighting":true,"audioPlay":false,"sceneViewState":{"m_AlwaysRefresh":false,"showFog":true,"showSkybox":true,"showFlares":true,"showImageEffects":true,"showParticleSystems":true,"showVisualEffectGraphs":true,"m_FxEnabled":true},"in2DMode":false,"pivot":{"x":-1.6118475198745728,"y":0.6975681185722351,"z":-1.4855265617370606},"rotation":{"x":0.10534989088773728,"y":0.25420260429382326,"z":0.02786846272647381,"w":-0.9609944820404053},"size":2.021843194961548,"orthographic":false}